-- phpMyAdmin SQL Dump
-- version 4.6.4
-- https://www.phpmyadmin.net/
--
-- Host: 127.0.0.1
-- Generation Time: 03-Maio-2018 às 18:21
-- Versão do servidor: 5.7.14
-- PHP Version: 5.6.25

SET SQL_MODE = "NO_AUTO_VALUE_ON_ZERO";
SET time_zone = "+00:00";


/*!40101 SET @OLD_CHARACTER_SET_CLIENT=@@CHARACTER_SET_CLIENT */;
/*!40101 SET @OLD_CHARACTER_SET_RESULTS=@@CHARACTER_SET_RESULTS */;
/*!40101 SET @OLD_COLLATION_CONNECTION=@@COLLATION_CONNECTION */;
/*!40101 SET NAMES utf8mb4 */;

--
-- Database: `portal`
--
CREATE DATABASE IF NOT EXISTS `portal` DEFAULT CHARACTER SET utf8 COLLATE utf8_general_ci;
USE `portal`;

-- --------------------------------------------------------

--
-- Estrutura da tabela `cargo_lojas`
--

DROP TABLE IF EXISTS `cargo_lojas`;
CREATE TABLE `cargo_lojas` (
  `idCargo` int(11) NOT NULL,
  `Descricao` varchar(45) DEFAULT NULL
) ENGINE=InnoDB DEFAULT CHARSET=utf8;

--
-- Truncate table before insert `cargo_lojas`
--

TRUNCATE TABLE `cargo_lojas`;
-- --------------------------------------------------------

--
-- Estrutura da tabela `fatores`
--

DROP TABLE IF EXISTS `fatores`;
CREATE TABLE `fatores` (
  `idFator` int(11) NOT NULL,
  `descricaoFator` varchar(255) NOT NULL,
  `vlPorcentagem` double DEFAULT NULL,
  `vlReais` double DEFAULT NULL,
  `idCargo` int(11) DEFAULT NULL,
  `ativo` int(1) NOT NULL,
  `create_time` timestamp NULL DEFAULT CURRENT_TIMESTAMP,
  `update_time` timestamp NULL DEFAULT NULL
) ENGINE=MyISAM DEFAULT CHARSET=utf8;

--
-- Truncate table before insert `fatores`
--

TRUNCATE TABLE `fatores`;
--
-- Extraindo dados da tabela `fatores`
--

INSERT INTO `fatores` (`idFator`, `descricaoFator`, `vlPorcentagem`, `vlReais`, `idCargo`, `ativo`, `create_time`, `update_time`) VALUES
(1, 'Valor pago sobre o total de venda da loja', 1, NULL, 1, 1, '2018-05-02 17:36:30', NULL),
(2, 'Prêmio por atingir 103% da meta da loja', NULL, 112, 1, 1, '2018-05-02 17:36:30', NULL),
(3, 'Prêmio por atingir 107% da meta da loja', NULL, 120, 1, 1, '2018-05-02 17:36:30', NULL),
(4, 'Prêmio por atingir 110% da meta da loja', NULL, 500, 1, 0, '2018-05-02 17:36:30', NULL),
(5, 'Valor pago sobre o total de venda do vendedor', 2.9, NULL, 0, 0, '2018-05-02 17:36:30', NULL);

-- --------------------------------------------------------

--
-- Estrutura da tabela `lista_acessos`
--

DROP TABLE IF EXISTS `lista_acessos`;
CREATE TABLE `lista_acessos` (
  `id_acesso` int(11) NOT NULL,
  `desc_acesso` varchar(255) DEFAULT NULL,
  `tipo_usaurios` int(11) DEFAULT NULL,
  `create_time` timestamp NULL DEFAULT CURRENT_TIMESTAMP,
  `update_time` timestamp NULL DEFAULT NULL
) ENGINE=MyISAM DEFAULT CHARSET=utf8;

--
-- Truncate table before insert `lista_acessos`
--

TRUNCATE TABLE `lista_acessos`;
-- --------------------------------------------------------

--
-- Estrutura da tabela `lojas`
--

DROP TABLE IF EXISTS `lojas`;
CREATE TABLE `lojas` (
  `idLojas` int(11) NOT NULL,
  `CNPJ` int(11) DEFAULT NULL,
  `NomeLoja` varchar(45) DEFAULT NULL,
  `Apelido_Loja` varchar(45) DEFAULT NULL
) ENGINE=InnoDB DEFAULT CHARSET=utf8;

--
-- Truncate table before insert `lojas`
--

TRUNCATE TABLE `lojas`;
--
-- Extraindo dados da tabela `lojas`
--

INSERT INTO `lojas` (`idLojas`, `CNPJ`, `NomeLoja`, `Apelido_Loja`) VALUES
(2, 210, 'LJ.CLI-IGUATEMI', NULL),
(3, 309, 'LJ.CLI-J.SUL', NULL),
(4, 481, 'LJ.MAC-A.FRANCO', NULL),
(5, 562, 'LJ.CLI-V.LOBOS', NULL),
(6, 643, 'LJ.CLI-R.SUL', NULL),
(7, 724, 'ARM.SERRA', NULL),
(8, 805, 'LJ.MAC-CAMPINAS', NULL),
(9, 996, 'LJ.MAC-PAULISTA', NULL),
(10, 1020, 'LJ.CLI-CAMPINAS', NULL),
(11, 1100, 'LJ_CLI-MORUMBI', NULL),
(12, 1291, 'LJ.CLI-BARRA', NULL),
(13, 1372, 'LJ.MAC-HIGIENOP', NULL),
(14, 1453, 'LJ.MAC-PQ.BRASI', NULL),
(15, 1534, 'LJ.MAC-R.SUL', NULL),
(16, 1615, 'LJ.MAC-VITORIA', NULL),
(17, 1704, 'LJ.MAC-ALPHAVIL', NULL),
(18, 1887, 'LJ.MAC-MKTPLACE', NULL),
(19, 1968, 'LJ.MAC-V.LOBOS', NULL),
(20, 2000, 'LJ.MAC-S.CAETAN', NULL),
(21, 2182, 'LJ.MAC NITEROI', NULL),
(22, 2263, 'LJ.MAC-LEBLON', NULL),
(23, 2344, 'LJ.MAC VILLAGE', NULL),
(24, 2425, 'LJ.MAC-MORUMBI', NULL),
(25, 2506, 'LJ.MAC-SAVASSI', NULL),
(26, 2697, 'LJ.MAC-JK IGUAT', NULL),
(27, 2778, 'LJ.MAC-BARRA', NULL),
(28, 2859, 'LJ.MAC RECIFE', NULL),
(29, 2930, 'LJ.MAC-BH', NULL),
(30, 3073, 'LJ.MAC-FASHION', NULL),
(31, 3154, 'LJ.MAC-BOURBON', NULL),
(32, 3235, 'LJ.MAC-IGUATEMI', NULL),
(34, 3405, 'LJ.CLI-HIGIENOP', NULL),
(35, 3588, 'LJ.MAC-CAMP.II', NULL),
(36, 3669, 'LJ.MAC-BRASILII', NULL),
(37, 3740, 'LJ.MAC-RIBEIRAO', NULL),
(38, 3820, 'LJ.MAC-RIBEIRII', NULL),
(39, 3901, 'LJ.MAC-FLORIANOPOLIS', NULL),
(40, 4045, 'LJ.MAC-GOIANIA', NULL),
(41, 4126, 'LJ.MAC-SOROCABA', NULL),
(42, 4207, 'LJ.CLI-DIAMOND', NULL),
(43, 4398, 'LJ.MAC-FORTALEZA', NULL),
(44, 4479, 'LJ.MAC-CAMPO-GRANDE', NULL),
(45, 4550, 'LJ.MAC-BELEM', NULL),
(46, 4630, 'LJ.CLI-FORTALEZA', NULL),
(47, 4711, 'LJ.MAC-UBERLANDIA', NULL),
(48, 4800, 'CORPORATE STORE', NULL),
(49, 4983, 'LJ.MAC-RIOMAR', NULL),
(50, 5017, 'LJ.MAC-SALVADOR', NULL),
(51, 5106, 'LJ.MAC-MANAUS', NULL);

-- --------------------------------------------------------

--
-- Estrutura da tabela `metas`
--

DROP TABLE IF EXISTS `metas`;
CREATE TABLE `metas` (
  `idMetas` int(11) NOT NULL,
  `idLojas` int(11) DEFAULT NULL,
  `valorMeta` decimal(10,0) DEFAULT NULL,
  `periodo` varchar(6) DEFAULT NULL
) ENGINE=InnoDB DEFAULT CHARSET=utf8;

--
-- Truncate table before insert `metas`
--

TRUNCATE TABLE `metas`;
--
-- Extraindo dados da tabela `metas`
--

INSERT INTO `metas` (`idMetas`, `idLojas`, `valorMeta`, `periodo`) VALUES
(5310, 2, '341', '012018'),
(5311, 2, '341', '022018'),
(5312, 2, '341', '032018'),
(5313, 2, '341', '042018'),
(5315, 2, '341', '062018'),
(5316, 2, '341', '072018'),
(5317, 2, '341', '082018'),
(5318, 2, '341', '092018'),
(5319, 2, '341', '102018'),
(5320, 2, '341', '112018'),
(5321, 2, '341', '122018'),
(5322, 3, '341', '012018'),
(5323, 3, '341', '022018'),
(5324, 3, '341', '032018'),
(5325, 3, '341', '042018'),
(5327, 3, '341', '062018'),
(5328, 3, '341', '072018'),
(5329, 3, '341', '082018'),
(5330, 3, '341', '092018'),
(5331, 3, '341', '102018'),
(5332, 3, '341', '112018'),
(5333, 3, '341', '122018'),
(5334, 4, '341', '012018'),
(5335, 4, '341', '022018'),
(5336, 4, '341', '032018'),
(5337, 4, '341', '042018'),
(5339, 4, '341', '062018'),
(5340, 4, '341', '072018'),
(5341, 4, '341', '082018'),
(5342, 4, '341', '092018'),
(5343, 4, '341', '102018'),
(5344, 4, '341', '112018'),
(5345, 4, '341', '122018'),
(5346, 5, '341', '012018'),
(5347, 5, '341', '022018'),
(5348, 5, '341', '032018'),
(5349, 5, '341', '042018'),
(5351, 5, '341', '062018'),
(5352, 5, '341', '072018'),
(5353, 5, '341', '082018'),
(5354, 5, '341', '092018'),
(5355, 5, '341', '102018'),
(5356, 5, '341', '112018'),
(5357, 5, '341', '122018'),
(5358, 6, '341', '012018'),
(5359, 6, '341', '022018'),
(5360, 6, '341', '032018'),
(5361, 6, '341', '042018'),
(5363, 6, '341', '062018'),
(5364, 6, '341', '072018'),
(5365, 6, '341', '082018'),
(5366, 6, '341', '092018'),
(5367, 6, '341', '102018'),
(5368, 6, '341', '112018'),
(5369, 6, '341', '122018'),
(5370, 7, '341', '012018'),
(5371, 7, '341', '022018'),
(5372, 7, '341', '032018'),
(5373, 7, '341', '042018'),
(5375, 7, '341', '062018'),
(5376, 7, '341', '072018'),
(5377, 7, '341', '082018'),
(5378, 7, '341', '092018'),
(5379, 7, '341', '102018'),
(5380, 7, '341', '112018'),
(5381, 7, '341', '122018'),
(5382, 8, '341', '012018'),
(5383, 8, '341', '022018'),
(5384, 8, '341', '032018'),
(5385, 8, '341', '042018'),
(5387, 8, '341', '062018'),
(5388, 8, '341', '072018'),
(5389, 8, '341', '082018'),
(5390, 8, '341', '092018'),
(5391, 8, '341', '102018'),
(5392, 8, '341', '112018'),
(5393, 8, '341', '122018'),
(5394, 9, '341', '012018'),
(5395, 9, '341', '022018'),
(5396, 9, '341', '032018'),
(5397, 9, '341', '042018'),
(5399, 9, '341', '062018'),
(5400, 9, '341', '072018'),
(5401, 9, '341', '082018'),
(5402, 9, '341', '092018'),
(5403, 9, '341', '102018'),
(5404, 9, '341', '112018'),
(5405, 9, '341', '122018'),
(5406, 10, '341', '012018'),
(5407, 10, '341', '022018'),
(5408, 10, '341', '032018'),
(5409, 10, '341', '042018'),
(5411, 10, '341', '062018'),
(5412, 10, '341', '072018'),
(5413, 10, '341', '082018'),
(5414, 10, '341', '092018'),
(5415, 10, '341', '102018'),
(5416, 10, '341', '112018'),
(5417, 10, '341', '122018'),
(5418, 11, '341', '012018'),
(5419, 11, '341', '022018'),
(5420, 11, '341', '032018'),
(5421, 11, '341', '042018'),
(5423, 11, '341', '062018'),
(5424, 11, '341', '072018'),
(5425, 11, '341', '082018'),
(5426, 11, '341', '092018'),
(5427, 11, '341', '102018'),
(5428, 11, '341', '112018'),
(5429, 11, '341', '122018'),
(5430, 12, '341', '012018'),
(5431, 12, '341', '022018'),
(5432, 12, '341', '032018'),
(5433, 12, '341', '042018'),
(5435, 12, '341', '062018'),
(5436, 12, '341', '072018'),
(5437, 12, '341', '082018'),
(5438, 12, '341', '092018'),
(5439, 12, '341', '102018'),
(5440, 12, '341', '112018'),
(5441, 12, '341', '122018'),
(5442, 13, '341', '012018'),
(5443, 13, '341', '022018'),
(5444, 13, '341', '032018'),
(5445, 13, '341', '042018'),
(5447, 13, '341', '062018'),
(5448, 13, '341', '072018'),
(5449, 13, '341', '082018'),
(5450, 13, '341', '092018'),
(5451, 13, '341', '102018'),
(5452, 13, '341', '112018'),
(5453, 13, '341', '122018'),
(5454, 14, '341', '012018'),
(5455, 14, '341', '022018'),
(5456, 14, '341', '032018'),
(5457, 14, '341', '042018'),
(5459, 14, '341', '062018'),
(5460, 14, '341', '072018'),
(5461, 14, '341', '082018'),
(5462, 14, '341', '092018'),
(5463, 14, '341', '102018'),
(5464, 14, '341', '112018'),
(5465, 14, '341', '122018'),
(5466, 15, '341', '012018'),
(5467, 15, '341', '022018'),
(5468, 15, '341', '032018'),
(5469, 15, '341', '042018'),
(5471, 15, '341', '062018'),
(5472, 15, '341', '072018'),
(5473, 15, '341', '082018'),
(5474, 15, '341', '092018'),
(5475, 15, '341', '102018'),
(5476, 15, '341', '112018'),
(5477, 15, '341', '122018'),
(5478, 16, '341', '012018'),
(5479, 16, '341', '022018'),
(5480, 16, '341', '032018'),
(5481, 16, '341', '042018'),
(5483, 16, '341', '062018'),
(5484, 16, '341', '072018'),
(5485, 16, '341', '082018'),
(5486, 16, '341', '092018'),
(5487, 16, '341', '102018'),
(5488, 16, '341', '112018'),
(5489, 16, '341', '122018'),
(5490, 17, '341', '012018'),
(5491, 17, '341', '022018'),
(5492, 17, '341', '032018'),
(5493, 17, '341', '042018'),
(5495, 17, '341', '062018'),
(5496, 17, '341', '072018'),
(5497, 17, '341', '082018'),
(5498, 17, '341', '092018'),
(5499, 17, '341', '102018'),
(5500, 17, '341', '112018'),
(5501, 17, '341', '122018'),
(5502, 18, '341', '012018'),
(5503, 18, '341', '022018'),
(5504, 18, '341', '032018'),
(5505, 18, '341', '042018'),
(5507, 18, '341', '062018'),
(5508, 18, '341', '072018'),
(5509, 18, '341', '082018'),
(5510, 18, '341', '092018'),
(5511, 18, '341', '102018'),
(5512, 18, '341', '112018'),
(5513, 18, '341', '122018'),
(5514, 19, '341', '012018'),
(5515, 19, '341', '022018'),
(5516, 19, '341', '032018'),
(5517, 19, '341', '042018'),
(5519, 19, '341', '062018'),
(5520, 19, '341', '072018'),
(5521, 19, '341', '082018'),
(5522, 19, '341', '092018'),
(5523, 19, '341', '102018'),
(5524, 19, '341', '112018'),
(5525, 19, '341', '122018'),
(5526, 20, '341', '012018'),
(5527, 20, '341', '022018'),
(5528, 20, '341', '032018'),
(5529, 20, '341', '042018'),
(5531, 20, '341', '062018'),
(5532, 20, '341', '072018'),
(5533, 20, '341', '082018'),
(5534, 20, '341', '092018'),
(5535, 20, '341', '102018'),
(5536, 20, '341', '112018'),
(5537, 20, '341', '122018'),
(5538, 21, '341', '012018'),
(5539, 21, '341', '022018'),
(5540, 21, '341', '032018'),
(5541, 21, '341', '042018'),
(5543, 21, '341', '062018'),
(5544, 21, '341', '072018'),
(5545, 21, '341', '082018'),
(5546, 21, '341', '092018'),
(5547, 21, '341', '102018'),
(5548, 21, '341', '112018'),
(5549, 21, '341', '122018'),
(5550, 22, '341', '012018'),
(5551, 22, '341', '022018'),
(5552, 22, '341', '032018'),
(5553, 22, '341', '042018'),
(5555, 22, '341', '062018'),
(5556, 22, '341', '072018'),
(5557, 22, '341', '082018'),
(5558, 22, '341', '092018'),
(5559, 22, '341', '102018'),
(5560, 22, '341', '112018'),
(5561, 22, '341', '122018'),
(5562, 23, '341', '012018'),
(5563, 23, '341', '022018'),
(5564, 23, '341', '032018'),
(5565, 23, '341', '042018'),
(5567, 23, '341', '062018'),
(5568, 23, '341', '072018'),
(5569, 23, '341', '082018'),
(5570, 23, '341', '092018'),
(5571, 23, '341', '102018'),
(5572, 23, '341', '112018'),
(5573, 23, '341', '122018'),
(5574, 24, '341', '012018'),
(5575, 24, '341', '022018'),
(5576, 24, '341', '032018'),
(5577, 24, '341', '042018'),
(5579, 24, '341', '062018'),
(5580, 24, '341', '072018'),
(5581, 24, '341', '082018'),
(5582, 24, '341', '092018'),
(5583, 24, '341', '102018'),
(5584, 24, '341', '112018'),
(5585, 24, '341', '122018'),
(5586, 25, '341', '012018'),
(5587, 25, '341', '022018'),
(5588, 25, '341', '032018'),
(5589, 25, '341', '042018'),
(5591, 25, '341', '062018'),
(5592, 25, '341', '072018'),
(5593, 25, '341', '082018'),
(5594, 25, '341', '092018'),
(5595, 25, '341', '102018'),
(5596, 25, '341', '112018'),
(5597, 25, '341', '122018'),
(5598, 26, '341', '012018'),
(5599, 26, '341', '022018'),
(5600, 26, '341', '032018'),
(5601, 26, '341', '042018'),
(5603, 26, '341', '062018'),
(5604, 26, '341', '072018'),
(5605, 26, '341', '082018'),
(5606, 26, '341', '092018'),
(5607, 26, '341', '102018'),
(5608, 26, '341', '112018'),
(5609, 26, '341', '122018'),
(5610, 27, '341', '012018'),
(5611, 27, '341', '022018'),
(5612, 27, '341', '032018'),
(5613, 27, '341', '042018'),
(5615, 27, '341', '062018'),
(5616, 27, '341', '072018'),
(5617, 27, '341', '082018'),
(5618, 27, '341', '092018'),
(5619, 27, '341', '102018'),
(5620, 27, '341', '112018'),
(5621, 27, '341', '122018'),
(5622, 28, '341', '012018'),
(5623, 28, '341', '022018'),
(5624, 28, '341', '032018'),
(5625, 28, '341', '042018'),
(5627, 28, '341', '062018'),
(5628, 28, '341', '072018'),
(5629, 28, '341', '082018'),
(5630, 28, '341', '092018'),
(5631, 28, '341', '102018'),
(5632, 28, '341', '112018'),
(5633, 28, '341', '122018'),
(5634, 29, '341', '012018'),
(5635, 29, '341', '022018'),
(5636, 29, '341', '032018'),
(5637, 29, '341', '042018'),
(5639, 29, '341', '062018'),
(5640, 29, '341', '072018'),
(5641, 29, '341', '082018'),
(5642, 29, '341', '092018'),
(5643, 29, '341', '102018'),
(5644, 29, '341', '112018'),
(5645, 29, '341', '122018'),
(5646, 30, '341', '012018'),
(5647, 30, '341', '022018'),
(5648, 30, '341', '032018'),
(5649, 30, '341', '042018'),
(5651, 30, '341', '062018'),
(5652, 30, '341', '072018'),
(5653, 30, '341', '082018'),
(5654, 30, '341', '092018'),
(5655, 30, '341', '102018'),
(5656, 30, '341', '112018'),
(5657, 30, '341', '122018'),
(5658, 31, '341', '012018'),
(5659, 31, '341', '022018'),
(5660, 31, '341', '032018'),
(5661, 31, '341', '042018'),
(5663, 31, '341', '062018'),
(5664, 31, '341', '072018'),
(5665, 31, '341', '082018'),
(5666, 31, '341', '092018'),
(5667, 31, '341', '102018'),
(5668, 31, '341', '112018'),
(5669, 31, '341', '122018'),
(5670, 32, '341', '012018'),
(5671, 32, '341', '022018'),
(5672, 32, '341', '032018'),
(5673, 32, '341', '042018'),
(5675, 32, '341', '062018'),
(5676, 32, '341', '072018'),
(5677, 32, '341', '082018'),
(5678, 32, '341', '092018'),
(5679, 32, '341', '102018'),
(5680, 32, '341', '112018'),
(5681, 32, '341', '122018'),
(5682, 34, '341', '012018'),
(5683, 34, '341', '022018'),
(5684, 34, '341', '032018'),
(5685, 34, '341', '042018'),
(5687, 34, '341', '062018'),
(5688, 34, '341', '072018'),
(5689, 34, '341', '082018'),
(5690, 34, '341', '092018'),
(5691, 34, '341', '102018'),
(5692, 34, '341', '112018'),
(5693, 34, '341', '122018'),
(5694, 35, '341', '012018'),
(5695, 35, '341', '022018'),
(5696, 35, '341', '032018'),
(5697, 35, '341', '042018'),
(5699, 35, '341', '062018'),
(5700, 35, '341', '072018'),
(5701, 35, '341', '082018'),
(5702, 35, '341', '092018'),
(5703, 35, '341', '102018'),
(5704, 35, '341', '112018'),
(5705, 35, '341', '122018'),
(5706, 36, '341', '012018'),
(5707, 36, '341', '022018'),
(5708, 36, '341', '032018'),
(5709, 36, '341', '042018'),
(5711, 36, '341', '062018'),
(5712, 36, '341', '072018'),
(5713, 36, '341', '082018'),
(5714, 36, '341', '092018'),
(5715, 36, '341', '102018'),
(5716, 36, '341', '112018'),
(5717, 36, '341', '122018'),
(5718, 37, '341', '012018'),
(5719, 37, '341', '022018'),
(5720, 37, '341', '032018'),
(5721, 37, '341', '042018'),
(5723, 37, '341', '062018'),
(5724, 37, '341', '072018'),
(5725, 37, '341', '082018'),
(5726, 37, '341', '092018'),
(5727, 37, '341', '102018'),
(5728, 37, '341', '112018'),
(5729, 37, '341', '122018'),
(5730, 38, '341', '012018'),
(5731, 38, '341', '022018'),
(5732, 38, '341', '032018'),
(5733, 38, '341', '042018'),
(5735, 38, '341', '062018'),
(5736, 38, '341', '072018'),
(5737, 38, '341', '082018'),
(5738, 38, '341', '092018'),
(5739, 38, '341', '102018'),
(5740, 38, '341', '112018'),
(5741, 38, '341', '122018'),
(5742, 39, '341', '012018'),
(5743, 39, '341', '022018'),
(5744, 39, '341', '032018'),
(5745, 39, '341', '042018'),
(5747, 39, '341', '062018'),
(5748, 39, '341', '072018'),
(5749, 39, '341', '082018'),
(5750, 39, '341', '092018'),
(5751, 39, '341', '102018'),
(5752, 39, '341', '112018'),
(5753, 39, '341', '122018'),
(5754, 40, '341', '012018'),
(5755, 40, '341', '022018'),
(5756, 40, '341', '032018'),
(5757, 40, '341', '042018'),
(5759, 40, '341', '062018'),
(5760, 40, '341', '072018'),
(5761, 40, '341', '082018'),
(5762, 40, '341', '092018'),
(5763, 40, '341', '102018'),
(5764, 40, '341', '112018'),
(5765, 40, '341', '122018'),
(5766, 41, '341', '012018'),
(5767, 41, '341', '022018'),
(5768, 41, '341', '032018'),
(5769, 41, '341', '042018'),
(5771, 41, '341', '062018'),
(5772, 41, '341', '072018'),
(5773, 41, '341', '082018'),
(5774, 41, '341', '092018'),
(5775, 41, '341', '102018'),
(5776, 41, '341', '112018'),
(5777, 41, '341', '122018'),
(5778, 42, '341', '012018'),
(5779, 42, '341', '022018'),
(5780, 42, '341', '032018'),
(5781, 42, '341', '042018'),
(5783, 42, '341', '062018'),
(5784, 42, '341', '072018'),
(5785, 42, '341', '082018'),
(5786, 42, '341', '092018'),
(5787, 42, '341', '102018'),
(5788, 42, '341', '112018'),
(5789, 42, '341', '122018'),
(5790, 43, '341', '012018'),
(5791, 43, '341', '022018'),
(5792, 43, '341', '032018'),
(5793, 43, '341', '042018'),
(5795, 43, '341', '062018'),
(5796, 43, '341', '072018'),
(5797, 43, '341', '082018'),
(5798, 43, '341', '092018'),
(5799, 43, '341', '102018'),
(5800, 43, '341', '112018'),
(5801, 43, '341', '122018'),
(5802, 44, '341', '012018'),
(5803, 44, '341', '022018'),
(5804, 44, '341', '032018'),
(5805, 44, '341', '042018'),
(5807, 44, '341', '062018'),
(5808, 44, '341', '072018'),
(5809, 44, '341', '082018'),
(5810, 44, '341', '092018'),
(5811, 44, '341', '102018'),
(5812, 44, '341', '112018'),
(5813, 44, '341', '122018'),
(5814, 45, '341', '012018'),
(5815, 45, '341', '022018'),
(5816, 45, '341', '032018'),
(5817, 45, '341', '042018'),
(5819, 45, '341', '062018'),
(5820, 45, '341', '072018'),
(5821, 45, '341', '082018'),
(5822, 45, '341', '092018'),
(5823, 45, '341', '102018'),
(5824, 45, '341', '112018'),
(5825, 45, '341', '122018'),
(5826, 46, '341', '012018'),
(5827, 46, '341', '022018'),
(5828, 46, '341', '032018'),
(5829, 46, '341', '042018'),
(5831, 46, '341', '062018'),
(5832, 46, '341', '072018'),
(5833, 46, '341', '082018'),
(5834, 46, '341', '092018'),
(5835, 46, '341', '102018'),
(5836, 46, '341', '112018'),
(5837, 46, '341', '122018'),
(5838, 47, '341', '012018'),
(5839, 47, '341', '022018'),
(5840, 47, '341', '032018'),
(5841, 47, '341', '042018'),
(5843, 47, '341', '062018'),
(5844, 47, '341', '072018'),
(5845, 47, '341', '082018'),
(5846, 47, '341', '092018'),
(5847, 47, '341', '102018'),
(5848, 47, '341', '112018'),
(5849, 47, '341', '122018'),
(5850, 48, '341', '012018'),
(5851, 48, '341', '022018'),
(5852, 48, '341', '032018'),
(5853, 48, '341', '042018'),
(5855, 48, '341', '062018'),
(5856, 48, '341', '072018'),
(5857, 48, '341', '082018'),
(5858, 48, '341', '092018'),
(5859, 48, '341', '102018'),
(5860, 48, '341', '112018'),
(5861, 48, '341', '122018'),
(5862, 49, '341', '012018'),
(5863, 49, '341', '022018'),
(5864, 49, '341', '032018'),
(5865, 49, '341', '042018'),
(5867, 49, '341', '062018'),
(5868, 49, '341', '072018'),
(5869, 49, '341', '082018'),
(5870, 49, '341', '092018'),
(5871, 49, '341', '102018'),
(5872, 49, '341', '112018'),
(5873, 49, '341', '122018'),
(5874, 50, '341', '012018'),
(5875, 50, '341', '022018'),
(5876, 50, '341', '032018'),
(5877, 50, '341', '042018'),
(5879, 50, '341', '062018'),
(5880, 50, '341', '072018'),
(5881, 50, '341', '082018'),
(5882, 50, '341', '092018'),
(5883, 50, '341', '102018'),
(5884, 50, '341', '112018'),
(5885, 50, '341', '122018'),
(5886, 51, '341', '012018'),
(5887, 51, '341', '022018'),
(5888, 51, '341', '032018'),
(5889, 51, '341', '042018'),
(5891, 51, '341', '062018'),
(5892, 51, '341', '072018'),
(5893, 51, '341', '082018'),
(5894, 51, '341', '092018'),
(5895, 51, '341', '102018'),
(5896, 51, '341', '112018'),
(5897, 51, '341', '122018'),
(5898, 2, '1111', '012019'),
(5899, 2, '1111', '022019'),
(5900, 2, '1111', '032019'),
(5901, 2, '1111', '042019'),
(5902, 2, '1111', '052019'),
(5903, 2, '1111', '062019'),
(5904, 2, '1111', '072019'),
(5905, 2, '1111', '082019'),
(5906, 2, '1111', '092019'),
(5907, 2, '1111', '102019'),
(5908, 2, '1111', '112019'),
(5909, 2, '1111', '122019'),
(5910, 3, '1111', '012019'),
(5911, 3, '1111', '022019'),
(5912, 3, '1111', '032019'),
(5913, 3, '1111', '042019'),
(5914, 3, '1111', '052019'),
(5915, 3, '1111', '062019'),
(5916, 3, '1111', '072019'),
(5917, 3, '1111', '082019'),
(5918, 3, '1111', '092019'),
(5919, 3, '1111', '102019'),
(5920, 3, '1111', '112019'),
(5921, 3, '1111', '122019'),
(5922, 4, '1111', '012019'),
(5923, 4, '1111', '022019'),
(5924, 4, '1111', '032019'),
(5925, 4, '1111', '042019'),
(5926, 4, '1111', '052019'),
(5927, 4, '1111', '062019'),
(5928, 4, '1111', '072019'),
(5929, 4, '1111', '082019'),
(5930, 4, '1111', '092019'),
(5931, 4, '1111', '102019'),
(5932, 4, '1111', '112019'),
(5933, 4, '1111', '122019'),
(5934, 5, '1111', '012019'),
(5935, 5, '1111', '022019'),
(5936, 5, '1111', '032019'),
(5937, 5, '1111', '042019'),
(5938, 5, '1111', '052019'),
(5939, 5, '1111', '062019'),
(5940, 5, '1111', '072019'),
(5941, 5, '1111', '082019'),
(5942, 5, '1111', '092019'),
(5943, 5, '1111', '102019'),
(5944, 5, '1111', '112019'),
(5945, 5, '1111', '122019'),
(5946, 6, '1111', '012019'),
(5947, 6, '1111', '022019'),
(5948, 6, '1111', '032019'),
(5949, 6, '1111', '042019'),
(5950, 6, '1111', '052019'),
(5951, 6, '1111', '062019'),
(5952, 6, '1111', '072019'),
(5953, 6, '1111', '082019'),
(5954, 6, '1111', '092019'),
(5955, 6, '1111', '102019'),
(5956, 6, '1111', '112019'),
(5957, 6, '1111', '122019'),
(5958, 7, '1111', '012019'),
(5959, 7, '1111', '022019'),
(5960, 7, '1111', '032019'),
(5961, 7, '1111', '042019'),
(5962, 7, '1111', '052019'),
(5963, 7, '1111', '062019'),
(5964, 7, '1111', '072019'),
(5965, 7, '1111', '082019'),
(5966, 7, '1111', '092019'),
(5967, 7, '1111', '102019'),
(5968, 7, '1111', '112019'),
(5969, 7, '1111', '122019'),
(5970, 8, '1111', '012019'),
(5971, 8, '1111', '022019'),
(5972, 8, '1111', '032019'),
(5973, 8, '1111', '042019'),
(5974, 8, '1111', '052019'),
(5975, 8, '1111', '062019'),
(5976, 8, '1111', '072019'),
(5977, 8, '1111', '082019'),
(5978, 8, '1111', '092019'),
(5979, 8, '1111', '102019'),
(5980, 8, '1111', '112019'),
(5981, 8, '1111', '122019'),
(5982, 9, '1111', '012019'),
(5983, 9, '1111', '022019'),
(5984, 9, '1111', '032019'),
(5985, 9, '1111', '042019'),
(5986, 9, '1111', '052019'),
(5987, 9, '1111', '062019'),
(5988, 9, '1111', '072019'),
(5989, 9, '1111', '082019'),
(5990, 9, '1111', '092019'),
(5991, 9, '1111', '102019'),
(5992, 9, '1111', '112019'),
(5993, 9, '1111', '122019'),
(5994, 10, '1111', '012019'),
(5995, 10, '1111', '022019'),
(5996, 10, '1111', '032019'),
(5997, 10, '1111', '042019'),
(5998, 10, '1111', '052019'),
(5999, 10, '1111', '062019'),
(6000, 10, '1111', '072019'),
(6001, 10, '1111', '082019'),
(6002, 10, '1111', '092019'),
(6003, 10, '1111', '102019'),
(6004, 10, '1111', '112019'),
(6005, 10, '1111', '122019'),
(6006, 11, '1111', '012019'),
(6007, 11, '1111', '022019'),
(6008, 11, '1111', '032019'),
(6009, 11, '1111', '042019'),
(6010, 11, '1111', '052019'),
(6011, 11, '1111', '062019'),
(6012, 11, '1111', '072019'),
(6013, 11, '1111', '082019'),
(6014, 11, '1111', '092019'),
(6015, 11, '1111', '102019'),
(6016, 11, '1111', '112019'),
(6017, 11, '1111', '122019'),
(6018, 12, '1111', '012019'),
(6019, 12, '1111', '022019'),
(6020, 12, '1111', '032019'),
(6021, 12, '1111', '042019'),
(6022, 12, '1111', '052019'),
(6023, 12, '1111', '062019'),
(6024, 12, '1111', '072019'),
(6025, 12, '1111', '082019'),
(6026, 12, '1111', '092019'),
(6027, 12, '1111', '102019'),
(6028, 12, '1111', '112019'),
(6029, 12, '1111', '122019'),
(6030, 13, '1111', '012019'),
(6031, 13, '1111', '022019'),
(6032, 13, '1111', '032019'),
(6033, 13, '1111', '042019'),
(6034, 13, '1111', '052019'),
(6035, 13, '1111', '062019'),
(6036, 13, '1111', '072019'),
(6037, 13, '1111', '082019'),
(6038, 13, '1111', '092019'),
(6039, 13, '1111', '102019'),
(6040, 13, '1111', '112019'),
(6041, 13, '1111', '122019'),
(6042, 14, '1111', '012019'),
(6043, 14, '1111', '022019'),
(6044, 14, '1111', '032019'),
(6045, 14, '1111', '042019'),
(6046, 14, '1111', '052019'),
(6047, 14, '1111', '062019'),
(6048, 14, '1111', '072019'),
(6049, 14, '1111', '082019'),
(6050, 14, '1111', '092019'),
(6051, 14, '1111', '102019'),
(6052, 14, '1111', '112019'),
(6053, 14, '1111', '122019'),
(6054, 15, '1111', '012019'),
(6055, 15, '1111', '022019'),
(6056, 15, '1111', '032019'),
(6057, 15, '1111', '042019'),
(6058, 15, '1111', '052019'),
(6059, 15, '1111', '062019'),
(6060, 15, '1111', '072019'),
(6061, 15, '1111', '082019'),
(6062, 15, '1111', '092019'),
(6063, 15, '1111', '102019'),
(6064, 15, '1111', '112019'),
(6065, 15, '1111', '122019'),
(6066, 16, '1111', '012019'),
(6067, 16, '1111', '022019'),
(6068, 16, '1111', '032019'),
(6069, 16, '1111', '042019'),
(6070, 16, '1111', '052019'),
(6071, 16, '1111', '062019'),
(6072, 16, '1111', '072019'),
(6073, 16, '1111', '082019'),
(6074, 16, '1111', '092019'),
(6075, 16, '1111', '102019'),
(6076, 16, '1111', '112019'),
(6077, 16, '1111', '122019'),
(6078, 17, '1111', '012019'),
(6079, 17, '1111', '022019'),
(6080, 17, '1111', '032019'),
(6081, 17, '1111', '042019'),
(6082, 17, '1111', '052019'),
(6083, 17, '1111', '062019'),
(6084, 17, '1111', '072019'),
(6085, 17, '1111', '082019'),
(6086, 17, '1111', '092019'),
(6087, 17, '1111', '102019'),
(6088, 17, '1111', '112019'),
(6089, 17, '1111', '122019'),
(6090, 18, '1111', '012019'),
(6091, 18, '1111', '022019'),
(6092, 18, '1111', '032019'),
(6093, 18, '1111', '042019'),
(6094, 18, '1111', '052019'),
(6095, 18, '1111', '062019'),
(6096, 18, '1111', '072019'),
(6097, 18, '1111', '082019'),
(6098, 18, '1111', '092019'),
(6099, 18, '1111', '102019'),
(6100, 18, '1111', '112019'),
(6101, 18, '1111', '122019'),
(6102, 19, '1111', '012019'),
(6103, 19, '1111', '022019'),
(6104, 19, '1111', '032019'),
(6105, 19, '1111', '042019'),
(6106, 19, '1111', '052019'),
(6107, 19, '1111', '062019'),
(6108, 19, '1111', '072019'),
(6109, 19, '1111', '082019'),
(6110, 19, '1111', '092019'),
(6111, 19, '1111', '102019'),
(6112, 19, '1111', '112019'),
(6113, 19, '1111', '122019'),
(6114, 20, '1111', '012019'),
(6115, 20, '1111', '022019'),
(6116, 20, '1111', '032019'),
(6117, 20, '1111', '042019'),
(6118, 20, '1111', '052019'),
(6119, 20, '1111', '062019'),
(6120, 20, '1111', '072019'),
(6121, 20, '1111', '082019'),
(6122, 20, '1111', '092019'),
(6123, 20, '1111', '102019'),
(6124, 20, '1111', '112019'),
(6125, 20, '1111', '122019'),
(6126, 21, '1111', '012019'),
(6127, 21, '1111', '022019'),
(6128, 21, '1111', '032019'),
(6129, 21, '1111', '042019'),
(6130, 21, '1111', '052019'),
(6131, 21, '1111', '062019'),
(6132, 21, '1111', '072019'),
(6133, 21, '1111', '082019'),
(6134, 21, '1111', '092019'),
(6135, 21, '1111', '102019'),
(6136, 21, '1111', '112019'),
(6137, 21, '1111', '122019'),
(6138, 22, '1111', '012019'),
(6139, 22, '1111', '022019'),
(6140, 22, '1111', '032019'),
(6141, 22, '1111', '042019'),
(6142, 22, '1111', '052019'),
(6143, 22, '1111', '062019'),
(6144, 22, '1111', '072019'),
(6145, 22, '1111', '082019'),
(6146, 22, '1111', '092019'),
(6147, 22, '1111', '102019'),
(6148, 22, '1111', '112019'),
(6149, 22, '1111', '122019'),
(6150, 23, '1111', '012019'),
(6151, 23, '1111', '022019'),
(6152, 23, '1111', '032019'),
(6153, 23, '1111', '042019'),
(6154, 23, '1111', '052019'),
(6155, 23, '1111', '062019'),
(6156, 23, '1111', '072019'),
(6157, 23, '1111', '082019'),
(6158, 23, '1111', '092019'),
(6159, 23, '1111', '102019'),
(6160, 23, '1111', '112019'),
(6161, 23, '1111', '122019'),
(6162, 24, '1111', '012019'),
(6163, 24, '1111', '022019'),
(6164, 24, '1111', '032019'),
(6165, 24, '1111', '042019'),
(6166, 24, '1111', '052019'),
(6167, 24, '1111', '062019'),
(6168, 24, '1111', '072019'),
(6169, 24, '1111', '082019'),
(6170, 24, '1111', '092019'),
(6171, 24, '1111', '102019'),
(6172, 24, '1111', '112019'),
(6173, 24, '1111', '122019'),
(6174, 25, '1111', '012019'),
(6175, 25, '1111', '022019'),
(6176, 25, '1111', '032019'),
(6177, 25, '1111', '042019'),
(6178, 25, '1111', '052019'),
(6179, 25, '1111', '062019'),
(6180, 25, '1111', '072019'),
(6181, 25, '1111', '082019'),
(6182, 25, '1111', '092019'),
(6183, 25, '1111', '102019'),
(6184, 25, '1111', '112019'),
(6185, 25, '1111', '122019'),
(6186, 26, '1111', '012019'),
(6187, 26, '1111', '022019'),
(6188, 26, '1111', '032019'),
(6189, 26, '1111', '042019'),
(6190, 26, '1111', '052019'),
(6191, 26, '1111', '062019'),
(6192, 26, '1111', '072019'),
(6193, 26, '1111', '082019'),
(6194, 26, '1111', '092019'),
(6195, 26, '1111', '102019'),
(6196, 26, '1111', '112019'),
(6197, 26, '1111', '122019'),
(6198, 27, '1111', '012019'),
(6199, 27, '1111', '022019'),
(6200, 27, '1111', '032019'),
(6201, 27, '1111', '042019'),
(6202, 27, '1111', '052019'),
(6203, 27, '1111', '062019'),
(6204, 27, '1111', '072019'),
(6205, 27, '1111', '082019'),
(6206, 27, '1111', '092019'),
(6207, 27, '1111', '102019'),
(6208, 27, '1111', '112019'),
(6209, 27, '1111', '122019'),
(6210, 28, '1111', '012019'),
(6211, 28, '1111', '022019'),
(6212, 28, '1111', '032019'),
(6213, 28, '1111', '042019'),
(6214, 28, '1111', '052019'),
(6215, 28, '1111', '062019'),
(6216, 28, '1111', '072019'),
(6217, 28, '1111', '082019'),
(6218, 28, '1111', '092019'),
(6219, 28, '1111', '102019'),
(6220, 28, '1111', '112019'),
(6221, 28, '1111', '122019'),
(6222, 29, '1111', '012019'),
(6223, 29, '1111', '022019'),
(6224, 29, '1111', '032019'),
(6225, 29, '1111', '042019'),
(6226, 29, '1111', '052019'),
(6227, 29, '1111', '062019'),
(6228, 29, '1111', '072019'),
(6229, 29, '1111', '082019'),
(6230, 29, '1111', '092019'),
(6231, 29, '1111', '102019'),
(6232, 29, '1111', '112019'),
(6233, 29, '1111', '122019'),
(6234, 30, '1111', '012019'),
(6235, 30, '1111', '022019'),
(6236, 30, '1111', '032019'),
(6237, 30, '1111', '042019'),
(6238, 30, '1111', '052019'),
(6239, 30, '1111', '062019'),
(6240, 30, '1111', '072019'),
(6241, 30, '1111', '082019'),
(6242, 30, '1111', '092019'),
(6243, 30, '1111', '102019'),
(6244, 30, '1111', '112019'),
(6245, 30, '1111', '122019'),
(6246, 31, '1111', '012019'),
(6247, 31, '1111', '022019'),
(6248, 31, '1111', '032019'),
(6249, 31, '1111', '042019'),
(6250, 31, '1111', '052019'),
(6251, 31, '1111', '062019'),
(6252, 31, '1111', '072019'),
(6253, 31, '1111', '082019'),
(6254, 31, '1111', '092019'),
(6255, 31, '1111', '102019'),
(6256, 31, '1111', '112019'),
(6257, 31, '1111', '122019'),
(6258, 32, '1111', '012019'),
(6259, 32, '1111', '022019'),
(6260, 32, '1111', '032019'),
(6261, 32, '1111', '042019'),
(6262, 32, '1111', '052019'),
(6263, 32, '1111', '062019'),
(6264, 32, '1111', '072019'),
(6265, 32, '1111', '082019'),
(6266, 32, '1111', '092019'),
(6267, 32, '1111', '102019'),
(6268, 32, '1111', '112019'),
(6269, 32, '1111', '122019'),
(6270, 34, '1111', '012019'),
(6271, 34, '1111', '022019'),
(6272, 34, '1111', '032019'),
(6273, 34, '1111', '042019'),
(6274, 34, '1111', '052019'),
(6275, 34, '1111', '062019'),
(6276, 34, '1111', '072019'),
(6277, 34, '1111', '082019'),
(6278, 34, '1111', '092019'),
(6279, 34, '1111', '102019'),
(6280, 34, '1111', '112019'),
(6281, 34, '1111', '122019'),
(6282, 35, '1111', '012019'),
(6283, 35, '1111', '022019'),
(6284, 35, '1111', '032019'),
(6285, 35, '1111', '042019'),
(6286, 35, '1111', '052019'),
(6287, 35, '1111', '062019'),
(6288, 35, '1111', '072019'),
(6289, 35, '1111', '082019'),
(6290, 35, '1111', '092019'),
(6291, 35, '1111', '102019'),
(6292, 35, '1111', '112019'),
(6293, 35, '1111', '122019'),
(6294, 36, '1111', '012019'),
(6295, 36, '1111', '022019'),
(6296, 36, '1111', '032019'),
(6297, 36, '1111', '042019'),
(6298, 36, '1111', '052019'),
(6299, 36, '1111', '062019'),
(6300, 36, '1111', '072019'),
(6301, 36, '1111', '082019'),
(6302, 36, '1111', '092019'),
(6303, 36, '1111', '102019'),
(6304, 36, '1111', '112019'),
(6305, 36, '1111', '122019'),
(6306, 37, '1111', '012019'),
(6307, 37, '1111', '022019'),
(6308, 37, '1111', '032019'),
(6309, 37, '1111', '042019'),
(6310, 37, '1111', '052019'),
(6311, 37, '1111', '062019'),
(6312, 37, '1111', '072019'),
(6313, 37, '1111', '082019'),
(6314, 37, '1111', '092019'),
(6315, 37, '1111', '102019'),
(6316, 37, '1111', '112019'),
(6317, 37, '1111', '122019'),
(6318, 38, '1111', '012019'),
(6319, 38, '1111', '022019'),
(6320, 38, '1111', '032019'),
(6321, 38, '1111', '042019'),
(6322, 38, '1111', '052019'),
(6323, 38, '1111', '062019'),
(6324, 38, '1111', '072019'),
(6325, 38, '1111', '082019'),
(6326, 38, '1111', '092019'),
(6327, 38, '1111', '102019'),
(6328, 38, '1111', '112019'),
(6329, 38, '1111', '122019'),
(6330, 39, '1111', '012019'),
(6331, 39, '1111', '022019'),
(6332, 39, '1111', '032019'),
(6333, 39, '1111', '042019'),
(6334, 39, '1111', '052019'),
(6335, 39, '1111', '062019'),
(6336, 39, '1111', '072019'),
(6337, 39, '1111', '082019'),
(6338, 39, '1111', '092019'),
(6339, 39, '1111', '102019'),
(6340, 39, '1111', '112019'),
(6341, 39, '1111', '122019'),
(6342, 40, '1111', '012019'),
(6343, 40, '1111', '022019'),
(6344, 40, '1111', '032019'),
(6345, 40, '1111', '042019'),
(6346, 40, '1111', '052019'),
(6347, 40, '1111', '062019'),
(6348, 40, '1111', '072019'),
(6349, 40, '1111', '082019'),
(6350, 40, '1111', '092019'),
(6351, 40, '1111', '102019'),
(6352, 40, '1111', '112019'),
(6353, 40, '1111', '122019'),
(6354, 41, '1111', '012019'),
(6355, 41, '1111', '022019'),
(6356, 41, '1111', '032019'),
(6357, 41, '1111', '042019'),
(6358, 41, '1111', '052019'),
(6359, 41, '1111', '062019'),
(6360, 41, '1111', '072019'),
(6361, 41, '1111', '082019'),
(6362, 41, '1111', '092019'),
(6363, 41, '1111', '102019'),
(6364, 41, '1111', '112019'),
(6365, 41, '1111', '122019'),
(6366, 42, '1111', '012019'),
(6367, 42, '1111', '022019'),
(6368, 42, '1111', '032019'),
(6369, 42, '1111', '042019'),
(6370, 42, '1111', '052019'),
(6371, 42, '1111', '062019'),
(6372, 42, '1111', '072019'),
(6373, 42, '1111', '082019'),
(6374, 42, '1111', '092019'),
(6375, 42, '1111', '102019'),
(6376, 42, '1111', '112019'),
(6377, 42, '1111', '122019'),
(6378, 43, '1111', '012019'),
(6379, 43, '1111', '022019'),
(6380, 43, '1111', '032019'),
(6381, 43, '1111', '042019'),
(6382, 43, '1111', '052019'),
(6383, 43, '1111', '062019'),
(6384, 43, '1111', '072019'),
(6385, 43, '1111', '082019'),
(6386, 43, '1111', '092019'),
(6387, 43, '1111', '102019'),
(6388, 43, '1111', '112019'),
(6389, 43, '1111', '122019'),
(6390, 44, '1111', '012019'),
(6391, 44, '1111', '022019'),
(6392, 44, '1111', '032019'),
(6393, 44, '1111', '042019'),
(6394, 44, '1111', '052019'),
(6395, 44, '1111', '062019'),
(6396, 44, '1111', '072019'),
(6397, 44, '1111', '082019'),
(6398, 44, '1111', '092019'),
(6399, 44, '1111', '102019'),
(6400, 44, '1111', '112019'),
(6401, 44, '1111', '122019'),
(6402, 45, '1111', '012019'),
(6403, 45, '1111', '022019'),
(6404, 45, '1111', '032019'),
(6405, 45, '1111', '042019'),
(6406, 45, '1111', '052019'),
(6407, 45, '1111', '062019'),
(6408, 45, '1111', '072019'),
(6409, 45, '1111', '082019'),
(6410, 45, '1111', '092019'),
(6411, 45, '1111', '102019'),
(6412, 45, '1111', '112019'),
(6413, 45, '1111', '122019'),
(6414, 46, '1111', '012019'),
(6415, 46, '1111', '022019'),
(6416, 46, '1111', '032019'),
(6417, 46, '1111', '042019'),
(6418, 46, '1111', '052019'),
(6419, 46, '1111', '062019'),
(6420, 46, '1111', '072019'),
(6421, 46, '1111', '082019'),
(6422, 46, '1111', '092019'),
(6423, 46, '1111', '102019'),
(6424, 46, '1111', '112019'),
(6425, 46, '1111', '122019'),
(6426, 47, '1111', '012019'),
(6427, 47, '1111', '022019'),
(6428, 47, '1111', '032019'),
(6429, 47, '1111', '042019'),
(6430, 47, '1111', '052019'),
(6431, 47, '1111', '062019'),
(6432, 47, '1111', '072019'),
(6433, 47, '1111', '082019'),
(6434, 47, '1111', '092019'),
(6435, 47, '1111', '102019'),
(6436, 47, '1111', '112019'),
(6437, 47, '1111', '122019'),
(6438, 48, '1111', '012019'),
(6439, 48, '1111', '022019'),
(6440, 48, '1111', '032019'),
(6441, 48, '1111', '042019'),
(6442, 48, '1111', '052019'),
(6443, 48, '1111', '062019'),
(6444, 48, '1111', '072019'),
(6445, 48, '1111', '082019'),
(6446, 48, '1111', '092019'),
(6447, 48, '1111', '102019'),
(6448, 48, '1111', '112019'),
(6449, 48, '1111', '122019'),
(6450, 49, '1111', '012019'),
(6451, 49, '1111', '022019'),
(6452, 49, '1111', '032019'),
(6453, 49, '1111', '042019'),
(6454, 49, '1111', '052019'),
(6455, 49, '1111', '062019'),
(6456, 49, '1111', '072019'),
(6457, 49, '1111', '082019'),
(6458, 49, '1111', '092019'),
(6459, 49, '1111', '102019'),
(6460, 49, '1111', '112019'),
(6461, 49, '1111', '122019'),
(6462, 50, '1111', '012019'),
(6463, 50, '1111', '022019'),
(6464, 50, '1111', '032019'),
(6465, 50, '1111', '042019'),
(6466, 50, '1111', '052019'),
(6467, 50, '1111', '062019'),
(6468, 50, '1111', '072019'),
(6469, 50, '1111', '082019'),
(6470, 50, '1111', '092019'),
(6471, 50, '1111', '102019'),
(6472, 50, '1111', '112019'),
(6473, 50, '1111', '122019'),
(6474, 51, '1111', '012019'),
(6475, 51, '1111', '022019'),
(6476, 51, '1111', '032019'),
(6477, 51, '1111', '042019'),
(6478, 51, '1111', '052019'),
(6479, 51, '1111', '062019'),
(6480, 51, '1111', '072019'),
(6481, 51, '1111', '082019'),
(6482, 51, '1111', '092019'),
(6483, 51, '1111', '102019'),
(6484, 51, '1111', '112019'),
(6485, 51, '1111', '122019'),
(6486, 2, '999', '012020'),
(6487, 2, '999', '022020'),
(6488, 2, '999', '032020'),
(6489, 2, '999', '042020'),
(6490, 2, '999', '052020'),
(6491, 2, '999', '062020'),
(6492, 2, '999', '072020'),
(6493, 2, '999', '082020'),
(6494, 2, '999', '092020'),
(6495, 2, '999', '102020'),
(6496, 2, '999', '112020'),
(6497, 2, '999', '122020'),
(6498, 3, '999', '012020'),
(6499, 3, '999', '022020'),
(6500, 3, '999', '032020'),
(6501, 3, '999', '042020'),
(6502, 3, '999', '052020'),
(6503, 3, '999', '062020'),
(6504, 3, '999', '072020'),
(6505, 3, '999', '082020'),
(6506, 3, '999', '092020'),
(6507, 3, '999', '102020'),
(6508, 3, '999', '112020'),
(6509, 3, '999', '122020'),
(6510, 4, '999', '012020'),
(6511, 4, '999', '022020'),
(6512, 4, '999', '032020'),
(6513, 4, '999', '042020'),
(6514, 4, '999', '052020'),
(6515, 4, '999', '062020'),
(6516, 4, '999', '072020'),
(6517, 4, '999', '082020'),
(6518, 4, '999', '092020'),
(6519, 4, '999', '102020'),
(6520, 4, '999', '112020'),
(6521, 4, '999', '122020'),
(6522, 5, '999', '012020'),
(6523, 5, '999', '022020'),
(6524, 5, '999', '032020'),
(6525, 5, '999', '042020'),
(6526, 5, '999', '052020'),
(6527, 5, '999', '062020'),
(6528, 5, '999', '072020'),
(6529, 5, '999', '082020'),
(6530, 5, '999', '092020'),
(6531, 5, '999', '102020'),
(6532, 5, '999', '112020'),
(6533, 5, '999', '122020'),
(6534, 6, '999', '012020'),
(6535, 6, '999', '022020'),
(6536, 6, '999', '032020'),
(6537, 6, '999', '042020'),
(6538, 6, '999', '052020'),
(6539, 6, '999', '062020'),
(6540, 6, '999', '072020'),
(6541, 6, '999', '082020'),
(6542, 6, '999', '092020'),
(6543, 6, '999', '102020'),
(6544, 6, '999', '112020'),
(6545, 6, '999', '122020'),
(6546, 7, '999', '012020'),
(6547, 7, '999', '022020'),
(6548, 7, '999', '032020'),
(6549, 7, '999', '042020'),
(6550, 7, '999', '052020'),
(6551, 7, '999', '062020'),
(6552, 7, '999', '072020'),
(6553, 7, '999', '082020'),
(6554, 7, '999', '092020'),
(6555, 7, '999', '102020'),
(6556, 7, '999', '112020'),
(6557, 7, '999', '122020'),
(6558, 8, '999', '012020'),
(6559, 8, '999', '022020'),
(6560, 8, '999', '032020'),
(6561, 8, '999', '042020'),
(6562, 8, '999', '052020'),
(6563, 8, '999', '062020'),
(6564, 8, '999', '072020'),
(6565, 8, '999', '082020'),
(6566, 8, '999', '092020'),
(6567, 8, '999', '102020'),
(6568, 8, '999', '112020'),
(6569, 8, '999', '122020'),
(6570, 9, '999', '012020'),
(6571, 9, '999', '022020'),
(6572, 9, '999', '032020'),
(6573, 9, '999', '042020'),
(6574, 9, '999', '052020'),
(6575, 9, '999', '062020'),
(6576, 9, '999', '072020'),
(6577, 9, '999', '082020'),
(6578, 9, '999', '092020'),
(6579, 9, '999', '102020'),
(6580, 9, '999', '112020'),
(6581, 9, '999', '122020'),
(6582, 10, '999', '012020'),
(6583, 10, '999', '022020'),
(6584, 10, '999', '032020'),
(6585, 10, '999', '042020'),
(6586, 10, '999', '052020'),
(6587, 10, '999', '062020'),
(6588, 10, '999', '072020'),
(6589, 10, '999', '082020'),
(6590, 10, '999', '092020'),
(6591, 10, '999', '102020'),
(6592, 10, '999', '112020'),
(6593, 10, '999', '122020'),
(6594, 11, '999', '012020'),
(6595, 11, '999', '022020'),
(6596, 11, '999', '032020'),
(6597, 11, '999', '042020'),
(6598, 11, '999', '052020'),
(6599, 11, '999', '062020'),
(6600, 11, '999', '072020'),
(6601, 11, '999', '082020'),
(6602, 11, '999', '092020'),
(6603, 11, '999', '102020'),
(6604, 11, '999', '112020'),
(6605, 11, '999', '122020'),
(6606, 12, '999', '012020'),
(6607, 12, '999', '022020'),
(6608, 12, '999', '032020'),
(6609, 12, '999', '042020'),
(6610, 12, '999', '052020'),
(6611, 12, '999', '062020'),
(6612, 12, '999', '072020'),
(6613, 12, '999', '082020'),
(6614, 12, '999', '092020'),
(6615, 12, '999', '102020'),
(6616, 12, '999', '112020'),
(6617, 12, '999', '122020'),
(6618, 13, '999', '012020'),
(6619, 13, '999', '022020'),
(6620, 13, '999', '032020'),
(6621, 13, '999', '042020'),
(6622, 13, '999', '052020'),
(6623, 13, '999', '062020'),
(6624, 13, '999', '072020'),
(6625, 13, '999', '082020'),
(6626, 13, '999', '092020'),
(6627, 13, '999', '102020'),
(6628, 13, '999', '112020'),
(6629, 13, '999', '122020'),
(6630, 14, '999', '012020'),
(6631, 14, '999', '022020'),
(6632, 14, '999', '032020'),
(6633, 14, '999', '042020'),
(6634, 14, '999', '052020'),
(6635, 14, '999', '062020'),
(6636, 14, '999', '072020'),
(6637, 14, '999', '082020'),
(6638, 14, '999', '092020'),
(6639, 14, '999', '102020'),
(6640, 14, '999', '112020'),
(6641, 14, '999', '122020'),
(6642, 15, '999', '012020'),
(6643, 15, '999', '022020'),
(6644, 15, '999', '032020'),
(6645, 15, '999', '042020'),
(6646, 15, '999', '052020'),
(6647, 15, '999', '062020'),
(6648, 15, '999', '072020'),
(6649, 15, '999', '082020'),
(6650, 15, '999', '092020'),
(6651, 15, '999', '102020'),
(6652, 15, '999', '112020'),
(6653, 15, '999', '122020'),
(6654, 16, '999', '012020'),
(6655, 16, '999', '022020'),
(6656, 16, '999', '032020'),
(6657, 16, '999', '042020'),
(6658, 16, '999', '052020'),
(6659, 16, '999', '062020'),
(6660, 16, '999', '072020'),
(6661, 16, '999', '082020'),
(6662, 16, '999', '092020'),
(6663, 16, '999', '102020'),
(6664, 16, '999', '112020'),
(6665, 16, '999', '122020'),
(6666, 17, '999', '012020'),
(6667, 17, '999', '022020'),
(6668, 17, '999', '032020'),
(6669, 17, '999', '042020'),
(6670, 17, '999', '052020'),
(6671, 17, '999', '062020'),
(6672, 17, '999', '072020'),
(6673, 17, '999', '082020'),
(6674, 17, '999', '092020'),
(6675, 17, '999', '102020'),
(6676, 17, '999', '112020'),
(6677, 17, '999', '122020'),
(6678, 18, '999', '012020'),
(6679, 18, '999', '022020'),
(6680, 18, '999', '032020'),
(6681, 18, '999', '042020'),
(6682, 18, '999', '052020'),
(6683, 18, '999', '062020'),
(6684, 18, '999', '072020'),
(6685, 18, '999', '082020'),
(6686, 18, '999', '092020'),
(6687, 18, '999', '102020'),
(6688, 18, '999', '112020'),
(6689, 18, '999', '122020'),
(6690, 19, '999', '012020'),
(6691, 19, '999', '022020'),
(6692, 19, '999', '032020'),
(6693, 19, '999', '042020'),
(6694, 19, '999', '052020'),
(6695, 19, '999', '062020'),
(6696, 19, '999', '072020'),
(6697, 19, '999', '082020'),
(6698, 19, '999', '092020'),
(6699, 19, '999', '102020'),
(6700, 19, '999', '112020'),
(6701, 19, '999', '122020'),
(6702, 20, '999', '012020'),
(6703, 20, '999', '022020'),
(6704, 20, '999', '032020'),
(6705, 20, '999', '042020'),
(6706, 20, '999', '052020'),
(6707, 20, '999', '062020'),
(6708, 20, '999', '072020'),
(6709, 20, '999', '082020'),
(6710, 20, '999', '092020'),
(6711, 20, '999', '102020'),
(6712, 20, '999', '112020'),
(6713, 20, '999', '122020'),
(6714, 21, '999', '012020'),
(6715, 21, '999', '022020'),
(6716, 21, '999', '032020'),
(6717, 21, '999', '042020'),
(6718, 21, '999', '052020'),
(6719, 21, '999', '062020'),
(6720, 21, '999', '072020'),
(6721, 21, '999', '082020'),
(6722, 21, '999', '092020'),
(6723, 21, '999', '102020'),
(6724, 21, '999', '112020'),
(6725, 21, '999', '122020'),
(6726, 22, '999', '012020'),
(6727, 22, '999', '022020'),
(6728, 22, '999', '032020'),
(6729, 22, '999', '042020'),
(6730, 22, '999', '052020'),
(6731, 22, '999', '062020'),
(6732, 22, '999', '072020'),
(6733, 22, '999', '082020'),
(6734, 22, '999', '092020'),
(6735, 22, '999', '102020'),
(6736, 22, '999', '112020'),
(6737, 22, '999', '122020'),
(6738, 23, '999', '012020'),
(6739, 23, '999', '022020'),
(6740, 23, '999', '032020'),
(6741, 23, '999', '042020'),
(6742, 23, '999', '052020'),
(6743, 23, '999', '062020'),
(6744, 23, '999', '072020'),
(6745, 23, '999', '082020'),
(6746, 23, '999', '092020'),
(6747, 23, '999', '102020'),
(6748, 23, '999', '112020'),
(6749, 23, '999', '122020'),
(6750, 24, '999', '012020'),
(6751, 24, '999', '022020'),
(6752, 24, '999', '032020'),
(6753, 24, '999', '042020'),
(6754, 24, '999', '052020'),
(6755, 24, '999', '062020'),
(6756, 24, '999', '072020'),
(6757, 24, '999', '082020'),
(6758, 24, '999', '092020'),
(6759, 24, '999', '102020'),
(6760, 24, '999', '112020'),
(6761, 24, '999', '122020'),
(6762, 25, '999', '012020'),
(6763, 25, '999', '022020'),
(6764, 25, '999', '032020'),
(6765, 25, '999', '042020'),
(6766, 25, '999', '052020'),
(6767, 25, '999', '062020'),
(6768, 25, '999', '072020'),
(6769, 25, '999', '082020'),
(6770, 25, '999', '092020'),
(6771, 25, '999', '102020'),
(6772, 25, '999', '112020'),
(6773, 25, '999', '122020'),
(6774, 26, '999', '012020'),
(6775, 26, '999', '022020'),
(6776, 26, '999', '032020'),
(6777, 26, '999', '042020'),
(6778, 26, '999', '052020'),
(6779, 26, '999', '062020'),
(6780, 26, '999', '072020'),
(6781, 26, '999', '082020'),
(6782, 26, '999', '092020'),
(6783, 26, '999', '102020'),
(6784, 26, '999', '112020'),
(6785, 26, '999', '122020'),
(6786, 27, '999', '012020'),
(6787, 27, '999', '022020'),
(6788, 27, '999', '032020'),
(6789, 27, '999', '042020'),
(6790, 27, '999', '052020'),
(6791, 27, '999', '062020'),
(6792, 27, '999', '072020'),
(6793, 27, '999', '082020'),
(6794, 27, '999', '092020'),
(6795, 27, '999', '102020'),
(6796, 27, '999', '112020'),
(6797, 27, '999', '122020'),
(6798, 28, '999', '012020'),
(6799, 28, '999', '022020'),
(6800, 28, '999', '032020'),
(6801, 28, '999', '042020'),
(6802, 28, '999', '052020'),
(6803, 28, '999', '062020'),
(6804, 28, '999', '072020'),
(6805, 28, '999', '082020'),
(6806, 28, '999', '092020'),
(6807, 28, '999', '102020'),
(6808, 28, '999', '112020'),
(6809, 28, '999', '122020'),
(6810, 29, '999', '012020'),
(6811, 29, '999', '022020'),
(6812, 29, '999', '032020'),
(6813, 29, '999', '042020'),
(6814, 29, '999', '052020'),
(6815, 29, '999', '062020'),
(6816, 29, '999', '072020'),
(6817, 29, '999', '082020'),
(6818, 29, '999', '092020'),
(6819, 29, '999', '102020'),
(6820, 29, '999', '112020'),
(6821, 29, '999', '122020'),
(6822, 30, '999', '012020'),
(6823, 30, '999', '022020'),
(6824, 30, '999', '032020'),
(6825, 30, '999', '042020'),
(6826, 30, '999', '052020'),
(6827, 30, '999', '062020'),
(6828, 30, '999', '072020'),
(6829, 30, '999', '082020'),
(6830, 30, '999', '092020'),
(6831, 30, '999', '102020'),
(6832, 30, '999', '112020'),
(6833, 30, '999', '122020'),
(6834, 31, '999', '012020'),
(6835, 31, '999', '022020'),
(6836, 31, '999', '032020'),
(6837, 31, '999', '042020'),
(6838, 31, '999', '052020'),
(6839, 31, '999', '062020'),
(6840, 31, '999', '072020'),
(6841, 31, '999', '082020'),
(6842, 31, '999', '092020'),
(6843, 31, '999', '102020'),
(6844, 31, '999', '112020'),
(6845, 31, '999', '122020'),
(6846, 32, '999', '012020'),
(6847, 32, '999', '022020'),
(6848, 32, '999', '032020'),
(6849, 32, '999', '042020'),
(6850, 32, '999', '052020'),
(6851, 32, '999', '062020'),
(6852, 32, '999', '072020'),
(6853, 32, '999', '082020'),
(6854, 32, '999', '092020'),
(6855, 32, '999', '102020'),
(6856, 32, '999', '112020'),
(6857, 32, '999', '122020'),
(6858, 34, '999', '012020'),
(6859, 34, '999', '022020'),
(6860, 34, '999', '032020'),
(6861, 34, '999', '042020'),
(6862, 34, '999', '052020'),
(6863, 34, '999', '062020'),
(6864, 34, '999', '072020'),
(6865, 34, '999', '082020'),
(6866, 34, '999', '092020'),
(6867, 34, '999', '102020'),
(6868, 34, '999', '112020'),
(6869, 34, '999', '122020'),
(6870, 35, '999', '012020'),
(6871, 35, '999', '022020'),
(6872, 35, '999', '032020'),
(6873, 35, '999', '042020'),
(6874, 35, '999', '052020'),
(6875, 35, '999', '062020'),
(6876, 35, '999', '072020'),
(6877, 35, '999', '082020'),
(6878, 35, '999', '092020'),
(6879, 35, '999', '102020'),
(6880, 35, '999', '112020'),
(6881, 35, '999', '122020'),
(6882, 36, '999', '012020'),
(6883, 36, '999', '022020'),
(6884, 36, '999', '032020'),
(6885, 36, '999', '042020'),
(6886, 36, '999', '052020'),
(6887, 36, '999', '062020'),
(6888, 36, '999', '072020'),
(6889, 36, '999', '082020'),
(6890, 36, '999', '092020'),
(6891, 36, '999', '102020'),
(6892, 36, '999', '112020'),
(6893, 36, '999', '122020'),
(6894, 37, '999', '012020'),
(6895, 37, '999', '022020'),
(6896, 37, '999', '032020'),
(6897, 37, '999', '042020'),
(6898, 37, '999', '052020'),
(6899, 37, '999', '062020'),
(6900, 37, '999', '072020'),
(6901, 37, '999', '082020'),
(6902, 37, '999', '092020'),
(6903, 37, '999', '102020'),
(6904, 37, '999', '112020'),
(6905, 37, '999', '122020'),
(6906, 38, '999', '012020'),
(6907, 38, '999', '022020'),
(6908, 38, '999', '032020'),
(6909, 38, '999', '042020'),
(6910, 38, '999', '052020'),
(6911, 38, '999', '062020'),
(6912, 38, '999', '072020'),
(6913, 38, '999', '082020'),
(6914, 38, '999', '092020'),
(6915, 38, '999', '102020'),
(6916, 38, '999', '112020'),
(6917, 38, '999', '122020'),
(6918, 39, '999', '012020'),
(6919, 39, '999', '022020'),
(6920, 39, '999', '032020'),
(6921, 39, '999', '042020'),
(6922, 39, '999', '052020'),
(6923, 39, '999', '062020'),
(6924, 39, '999', '072020'),
(6925, 39, '999', '082020'),
(6926, 39, '999', '092020'),
(6927, 39, '999', '102020'),
(6928, 39, '999', '112020'),
(6929, 39, '999', '122020'),
(6930, 40, '999', '012020'),
(6931, 40, '999', '022020'),
(6932, 40, '999', '032020'),
(6933, 40, '999', '042020'),
(6934, 40, '999', '052020'),
(6935, 40, '999', '062020'),
(6936, 40, '999', '072020'),
(6937, 40, '999', '082020'),
(6938, 40, '999', '092020'),
(6939, 40, '999', '102020'),
(6940, 40, '999', '112020'),
(6941, 40, '999', '122020'),
(6942, 41, '999', '012020'),
(6943, 41, '999', '022020'),
(6944, 41, '999', '032020'),
(6945, 41, '999', '042020'),
(6946, 41, '999', '052020'),
(6947, 41, '999', '062020'),
(6948, 41, '999', '072020'),
(6949, 41, '999', '082020'),
(6950, 41, '999', '092020'),
(6951, 41, '999', '102020'),
(6952, 41, '999', '112020'),
(6953, 41, '999', '122020'),
(6954, 42, '999', '012020'),
(6955, 42, '999', '022020'),
(6956, 42, '999', '032020'),
(6957, 42, '999', '042020'),
(6958, 42, '999', '052020'),
(6959, 42, '999', '062020'),
(6960, 42, '999', '072020'),
(6961, 42, '999', '082020'),
(6962, 42, '999', '092020'),
(6963, 42, '999', '102020'),
(6964, 42, '999', '112020'),
(6965, 42, '999', '122020'),
(6966, 43, '999', '012020'),
(6967, 43, '999', '022020'),
(6968, 43, '999', '032020'),
(6969, 43, '999', '042020'),
(6970, 43, '999', '052020'),
(6971, 43, '999', '062020'),
(6972, 43, '999', '072020'),
(6973, 43, '999', '082020'),
(6974, 43, '999', '092020'),
(6975, 43, '999', '102020'),
(6976, 43, '999', '112020'),
(6977, 43, '999', '122020'),
(6978, 44, '999', '012020'),
(6979, 44, '999', '022020'),
(6980, 44, '999', '032020'),
(6981, 44, '999', '042020'),
(6982, 44, '999', '052020'),
(6983, 44, '999', '062020'),
(6984, 44, '999', '072020'),
(6985, 44, '999', '082020'),
(6986, 44, '999', '092020'),
(6987, 44, '999', '102020'),
(6988, 44, '999', '112020'),
(6989, 44, '999', '122020'),
(6990, 45, '999', '012020'),
(6991, 45, '999', '022020'),
(6992, 45, '999', '032020'),
(6993, 45, '999', '042020'),
(6994, 45, '999', '052020'),
(6995, 45, '999', '062020'),
(6996, 45, '999', '072020'),
(6997, 45, '999', '082020'),
(6998, 45, '999', '092020'),
(6999, 45, '999', '102020'),
(7000, 45, '999', '112020'),
(7001, 45, '999', '122020'),
(7002, 46, '999', '012020'),
(7003, 46, '999', '022020'),
(7004, 46, '999', '032020'),
(7005, 46, '999', '042020'),
(7006, 46, '999', '052020'),
(7007, 46, '999', '062020'),
(7008, 46, '999', '072020'),
(7009, 46, '999', '082020'),
(7010, 46, '999', '092020'),
(7011, 46, '999', '102020'),
(7012, 46, '999', '112020'),
(7013, 46, '999', '122020'),
(7014, 47, '999', '012020'),
(7015, 47, '999', '022020'),
(7016, 47, '999', '032020'),
(7017, 47, '999', '042020'),
(7018, 47, '999', '052020'),
(7019, 47, '999', '062020'),
(7020, 47, '999', '072020'),
(7021, 47, '999', '082020'),
(7022, 47, '999', '092020'),
(7023, 47, '999', '102020'),
(7024, 47, '999', '112020'),
(7025, 47, '999', '122020'),
(7026, 48, '999', '012020'),
(7027, 48, '999', '022020'),
(7028, 48, '999', '032020'),
(7029, 48, '999', '042020'),
(7030, 48, '999', '052020'),
(7031, 48, '999', '062020'),
(7032, 48, '999', '072020'),
(7033, 48, '999', '082020'),
(7034, 48, '999', '092020'),
(7035, 48, '999', '102020'),
(7036, 48, '999', '112020'),
(7037, 48, '999', '122020'),
(7038, 49, '999', '012020'),
(7039, 49, '999', '022020'),
(7040, 49, '999', '032020'),
(7041, 49, '999', '042020'),
(7042, 49, '999', '052020'),
(7043, 49, '999', '062020'),
(7044, 49, '999', '072020'),
(7045, 49, '999', '082020'),
(7046, 49, '999', '092020'),
(7047, 49, '999', '102020'),
(7048, 49, '999', '112020'),
(7049, 49, '999', '122020'),
(7050, 50, '999', '012020'),
(7051, 50, '999', '022020'),
(7052, 50, '999', '032020'),
(7053, 50, '999', '042020'),
(7054, 50, '999', '052020'),
(7055, 50, '999', '062020'),
(7056, 50, '999', '072020'),
(7057, 50, '999', '082020'),
(7058, 50, '999', '092020'),
(7059, 50, '999', '102020'),
(7060, 50, '999', '112020'),
(7061, 50, '999', '122020'),
(7062, 51, '999', '012020'),
(7063, 51, '999', '022020'),
(7064, 51, '999', '032020'),
(7065, 51, '999', '042020'),
(7066, 51, '999', '052020'),
(7067, 51, '999', '062020'),
(7068, 51, '999', '072020'),
(7069, 51, '999', '082020'),
(7070, 51, '999', '092020'),
(7071, 51, '999', '102020'),
(7072, 51, '999', '112020'),
(7073, 51, '999', '122020'),
(7074, 2, '341', '052018'),
(7075, 3, '341', '052018'),
(7076, 4, '341', '052018'),
(7077, 5, '341', '052018'),
(7078, 6, '341', '052018'),
(7079, 7, '341', '052018'),
(7080, 8, '341', '052018'),
(7081, 9, '341', '052018'),
(7082, 10, '341', '052018'),
(7083, 11, '341', '052018'),
(7084, 12, '341', '052018'),
(7085, 13, '341', '052018'),
(7086, 14, '341', '052018'),
(7087, 15, '341', '052018'),
(7088, 16, '341', '052018'),
(7089, 17, '341', '052018'),
(7090, 18, '341', '052018'),
(7091, 19, '341', '052018'),
(7092, 20, '341', '052018'),
(7093, 21, '341', '052018'),
(7094, 22, '341', '052018'),
(7095, 23, '341', '052018'),
(7096, 24, '341', '052018'),
(7097, 25, '341', '052018'),
(7098, 26, '341', '052018'),
(7099, 27, '341', '052018'),
(7100, 28, '341', '052018'),
(7101, 29, '341', '052018'),
(7102, 30, '341', '052018'),
(7103, 31, '341', '052018'),
(7104, 32, '341', '052018'),
(7105, 34, '341', '052018'),
(7106, 35, '341', '052018'),
(7107, 36, '341', '052018'),
(7108, 37, '341', '052018'),
(7109, 38, '341', '052018'),
(7110, 39, '341', '052018'),
(7111, 40, '341', '052018'),
(7112, 41, '341', '052018'),
(7113, 42, '341', '052018'),
(7114, 43, '341', '052018'),
(7115, 44, '341', '052018'),
(7116, 45, '341', '052018'),
(7117, 46, '341', '052018'),
(7118, 47, '341', '052018'),
(7119, 48, '341', '052018'),
(7120, 49, '341', '052018'),
(7121, 50, '341', '052018'),
(7122, 51, '341', '052018');

-- --------------------------------------------------------

--
-- Estrutura da tabela `param_usuarios`
--

DROP TABLE IF EXISTS `param_usuarios`;
CREATE TABLE `param_usuarios` (
  `IDusuario` int(11) NOT NULL,
  `ativo` tinyint(4) DEFAULT NULL,
  `create_time` timestamp NULL DEFAULT CURRENT_TIMESTAMP
) ENGINE=MyISAM DEFAULT CHARSET=utf8;

--
-- Truncate table before insert `param_usuarios`
--

TRUNCATE TABLE `param_usuarios`;
-- --------------------------------------------------------

--
-- Estrutura da tabela `tipo_usuarios`
--

DROP TABLE IF EXISTS `tipo_usuarios`;
CREATE TABLE `tipo_usuarios` (
  `idTipo` int(11) NOT NULL,
  `descricaoTipo` varchar(255) NOT NULL,
  `ativo` int(11) NOT NULL DEFAULT '0',
  `create_time` timestamp NULL DEFAULT CURRENT_TIMESTAMP
) ENGINE=MyISAM DEFAULT CHARSET=utf8;

--
-- Truncate table before insert `tipo_usuarios`
--

TRUNCATE TABLE `tipo_usuarios`;
--
-- Extraindo dados da tabela `tipo_usuarios`
--

INSERT INTO `tipo_usuarios` (`idTipo`, `descricaoTipo`, `ativo`, `create_time`) VALUES
(1, 'Coordenador', 0, '2018-04-26 18:12:41'),
(0, 'Administrador', 0, '2018-04-26 18:12:41'),
(2, 'RH', 0, '2018-04-26 18:12:41');

-- --------------------------------------------------------

--
-- Estrutura da tabela `usuarios`
--

DROP TABLE IF EXISTS `usuarios`;
CREATE TABLE `usuarios` (
  `IDusuario` int(11) NOT NULL,
  `Nome` varchar(45) DEFAULT NULL,
  `Email` varchar(45) DEFAULT NULL,
  `Senha` varchar(45) DEFAULT NULL,
  `tipo` int(11) DEFAULT NULL,
  `CPF` varchar(11) DEFAULT NULL,
  `AlteraSenha` binary(1) DEFAULT NULL,
  `usuario` varchar(45) DEFAULT NULL,
  `ativo` tinyint(4) DEFAULT NULL
) ENGINE=InnoDB DEFAULT CHARSET=utf8;

--
-- Truncate table before insert `usuarios`
--

TRUNCATE TABLE `usuarios`;
--
-- Extraindo dados da tabela `usuarios`
--

INSERT INTO `usuarios` (`IDusuario`, `Nome`, `Email`, `Senha`, `tipo`, `CPF`, `AlteraSenha`, `usuario`, `ativo`) VALUES
(1, 'Bruno Dantas', 'brunodantas01@gmail.comm', '123456', 0, '08356060400', 0x31, 'bruno', NULL);

-- --------------------------------------------------------

--
-- Estrutura da tabela `vendascabec`
--

DROP TABLE IF EXISTS `vendascabec`;
CREATE TABLE `vendascabec` (
  `idVenda` int(11) NOT NULL,
  `numVenda` varchar(55) DEFAULT NULL,
  `idVendedor` int(11) DEFAULT NULL,
  `ValorTotal` varchar(45) DEFAULT NULL,
  `idLojas` int(11) DEFAULT NULL
) ENGINE=InnoDB DEFAULT CHARSET=utf8;

--
-- Truncate table before insert `vendascabec`
--

TRUNCATE TABLE `vendascabec`;
-- --------------------------------------------------------

--
-- Estrutura da tabela `vendedores`
--

DROP TABLE IF EXISTS `vendedores`;
CREATE TABLE `vendedores` (
  `idVendedor` int(11) NOT NULL,
  `Nome` varchar(45) DEFAULT NULL,
  `CPF` varchar(11) DEFAULT NULL,
  `idCargo` int(11) DEFAULT NULL,
  `idLojas` int(11) DEFAULT NULL
) ENGINE=InnoDB DEFAULT CHARSET=utf8;

--
-- Truncate table before insert `vendedores`
--

TRUNCATE TABLE `vendedores`;
--
-- Extraindo dados da tabela `vendedores`
--

INSERT INTO `vendedores` (`idVendedor`, `Nome`, `CPF`, `idCargo`, `idLojas`) VALUES
(292, 'ELAINE DO NASCIMENTO BASTOS PEREIRA', '09017659700', 0, 12),
(304, 'MAYANNE  DOS SANTOS MELLO RODRIGUES', '12413850767', 0, 12),
(329, 'BARBARA LANGER GRETER', '33489217837', 0, 13),
(360, 'Vanusa Goese', '10794278728', 0, 16),
(436, 'ARTUR MAGALHAES  DE FIGUEIREDO', '14185498780', 1, 21),
(468, 'ALINE DONADELLI', '34981172893', 1, 24),
(534, 'PALOMA MOREIRA MALDONADO', '10410901709', 1, 27),
(563, 'VENDEDOR PADRAO', '20317647563', 1, 25),
(603, 'NADIA KUROKI', '33423591889', 1, 31),
(605, 'DANILO MATTOS DE CAMPOS', '35405505854', 1, 31),
(630, 'JAKELLINE OLIVEIRA DE FALCHI', '32562338804', 1, 32),
(639, 'ANA PAULA STELA FONSECA', '22484457847', 1, 34),
(640, 'FERNANDA POLO KISS', '39750006860', 1, 34),
(641, 'BARBARA HELENA AQUINO ROSSI', '73377732187', 1, 34),
(712, 'CAMILA MARTINS DUARTE', '26629495896', 1, 24),
(749, 'ROBERTA BOTTER', '04442394644', 1, 42),
(809, 'LUCIENE BRAGA BERTOLDO', '00066838193', 0, 36),
(848, 'NADIA SENOO', '23151891870', 1, 2),
(888, 'LIVIA ANCHIETA PINHEIRO BARBOSA LIMA', '38671004899', 1, 2),
(936, 'MATEUS JORGE', '33372919882', 1, 13),
(937, 'DIEGO RAFAEL CORTE', '07460804924', 1, 32),
(997, 'Amanda Isabella Mendes Silva', '10197660690', 1, 24),
(1012, 'ADRIENNE CRISTINA DO AMARAL VASCONCELOS', '88028771220', 1, 45),
(1022, 'ALEXANDRE LAURINDO', '02844108105', 1, 14),
(1035, 'MARIA PATRICIA OLIVEIRA DE ANDRADE', '07212564494', 1, 49),
(1073, 'DAVY BARBOSA DA SILVA SANTOS', '01360312269', 1, 51),
(1179, 'VENDEDOR PADRAO', '20317647563', 1, 16),
(1200, 'ANA PATRICIA MOURA SILVA						', '00244552533', 1, 43),
(1202, 'BIANCA DAUD MARELLI						', '34713347850', 1, 41),
(1311, 'VIVIANI ALMEIDA MENDONÇA DO VALLE', '09804497743', 1, 27),
(1327, 'ANA PAULA ALVES DE OLIVEIRA', '40122872819', 1, 11),
(1393, 'WANESSA JULLIET CALDAS GONÇALVES', '38152474894', 1, 48),
(1407, 'GRASIELA REGES DE MELO', '02424702543', 1, 50),
(1462, 'VALDENE DA SILVA PEREIRA ROCHA', '07640007640', 1, 16),
(1473, 'CRISTIANE APARECIDA DOS SANTOS KOPT', '00446944904', 0, 11),
(1529, 'LUCIANA DANIELLE', '32085747892', 1, 11),
(1565, 'ALINE PIRES', '32377794823', 0, 5),
(1600, 'DÉBORA DE BESSA SANTOS', '06561297431', 1, 28),
(1778, 'DAYANE CRISTINA DE OLIVEIRA PINTO', '08049242609', 1, 25),
(1852, 'INGLITY THAINA MARQUES RABELO', '03588681140', 1, 36),
(1862, 'MARIANA ISABEL BELTRAN BERROETA', '06394502707', 1, 22);

--
-- Indexes for dumped tables
--

--
-- Indexes for table `cargo_lojas`
--
ALTER TABLE `cargo_lojas`
  ADD PRIMARY KEY (`idCargo`);

--
-- Indexes for table `fatores`
--
ALTER TABLE `fatores`
  ADD PRIMARY KEY (`idFator`);

--
-- Indexes for table `lista_acessos`
--
ALTER TABLE `lista_acessos`
  ADD PRIMARY KEY (`id_acesso`);

--
-- Indexes for table `lojas`
--
ALTER TABLE `lojas`
  ADD PRIMARY KEY (`idLojas`);

--
-- Indexes for table `metas`
--
ALTER TABLE `metas`
  ADD PRIMARY KEY (`idMetas`),
  ADD UNIQUE KEY `unique_index` (`idLojas`,`periodo`);

--
-- Indexes for table `param_usuarios`
--
ALTER TABLE `param_usuarios`
  ADD PRIMARY KEY (`IDusuario`);

--
-- Indexes for table `tipo_usuarios`
--
ALTER TABLE `tipo_usuarios`
  ADD PRIMARY KEY (`idTipo`),
  ADD UNIQUE KEY `descricaoTipo_UNIQUE` (`descricaoTipo`);

--
-- Indexes for table `usuarios`
--
ALTER TABLE `usuarios`
  ADD PRIMARY KEY (`IDusuario`),
  ADD UNIQUE KEY `CPF_UNIQUE` (`CPF`);

--
-- Indexes for table `vendascabec`
--
ALTER TABLE `vendascabec`
  ADD PRIMARY KEY (`idVenda`);

--
-- Indexes for table `vendedores`
--
ALTER TABLE `vendedores`
  ADD PRIMARY KEY (`idVendedor`);

--
-- AUTO_INCREMENT for dumped tables
--

--
-- AUTO_INCREMENT for table `fatores`
--
ALTER TABLE `fatores`
  MODIFY `idFator` int(11) NOT NULL AUTO_INCREMENT, AUTO_INCREMENT=6;
--
-- AUTO_INCREMENT for table `lista_acessos`
--
ALTER TABLE `lista_acessos`
  MODIFY `id_acesso` int(11) NOT NULL AUTO_INCREMENT;
--
-- AUTO_INCREMENT for table `metas`
--
ALTER TABLE `metas`
  MODIFY `idMetas` int(11) NOT NULL AUTO_INCREMENT, AUTO_INCREMENT=7123;
--
-- AUTO_INCREMENT for table `tipo_usuarios`
--
ALTER TABLE `tipo_usuarios`
  MODIFY `idTipo` int(11) NOT NULL AUTO_INCREMENT, AUTO_INCREMENT=6;
--
-- AUTO_INCREMENT for table `usuarios`
--
ALTER TABLE `usuarios`
  MODIFY `IDusuario` int(11) NOT NULL AUTO_INCREMENT, AUTO_INCREMENT=2;
/*!40101 SET CHARACTER_SET_CLIENT=@OLD_CHARACTER_SET_CLIENT */;
/*!40101 SET CHARACTER_SET_RESULTS=@OLD_CHARACTER_SET_RESULTS */;
/*!40101 SET COLLATION_CONNECTION=@OLD_COLLATION_CONNECTION */;
